{"cameraMode":{"drawMode":2,"name":"Shaded Wireframe","section":"Shading Mode"},"sceneLighting":true,"audioPlay":false,"sceneViewState":{"showFog":false,"showMaterialUpdate":false,"showSkybox":false,"showFlares":false,"showImageEffects":false,"showParticleSystems":false},"in2DMode":false,"pivot":{"x":2.2457242012023927,"y":0.05422687530517578,"z":-0.20174837112426759},"rotation":{"x":-0.3034190833568573,"y":-0.35349127650260928,"z":0.12238800525665283,"w":-0.8763589859008789},"size":7.814352989196777,"orthographic":false}