{"cameraMode":{"drawMode":2,"name":"Shaded Wireframe","section":"Shading Mode"},"sceneLighting":false,"audioPlay":false,"sceneViewState":{"showFog":false,"showMaterialUpdate":false,"showSkybox":false,"showFlares":false,"showImageEffects":false,"showParticleSystems":false},"in2DMode":false,"pivot":{"x":-12.51259994506836,"y":0.18944931030273438,"z":-232.891357421875},"rotation":{"x":-0.3034190833568573,"y":-0.35349127650260928,"z":0.12238800525665283,"w":-0.8763589859008789},"size":11.613704681396485,"orthographic":false}