{"cameraMode":{"drawMode":2,"name":"Shaded Wireframe","section":"Shading Mode"},"sceneLighting":false,"audioPlay":false,"sceneViewState":{"showFog":false,"showMaterialUpdate":false,"showSkybox":false,"showFlares":false,"showImageEffects":false,"showParticleSystems":false},"in2DMode":false,"pivot":{"x":4.257481575012207,"y":4.416409969329834,"z":-3.495483875274658},"rotation":{"x":-0.28903141617774966,"y":0.36424803733825686,"z":-0.12002506107091904,"w":-0.8771432638168335},"size":4.221932411193848,"orthographic":false}