{"cameraMode":{"drawMode":2,"name":"Shaded Wireframe","section":"Shading Mode"},"sceneLighting":false,"audioPlay":false,"sceneViewState":{"showFog":false,"showMaterialUpdate":false,"showSkybox":false,"showFlares":false,"showImageEffects":false,"showParticleSystems":false},"in2DMode":false,"pivot":{"x":-6.356436729431152,"y":-0.7907190322875977,"z":10.581031799316407},"rotation":{"x":-0.38867977261543276,"y":-0.17200496792793275,"z":0.07410718500614166,"w":-0.9021367430686951},"size":12.641605377197266,"orthographic":false}