{"cameraMode":{"drawMode":2,"name":"Shaded Wireframe","section":"Shading Mode"},"sceneLighting":false,"audioPlay":false,"sceneViewState":{"showFog":false,"showMaterialUpdate":false,"showSkybox":false,"showFlares":false,"showImageEffects":false,"showParticleSystems":false},"in2DMode":false,"pivot":{"x":4.07232666015625,"y":-2.9640579223632814,"z":2.556778907775879},"rotation":{"x":-0.33752599358558657,"y":-0.3306192457675934,"z":0.12797236442565919,"w":-0.872005045413971},"size":10.678203582763672,"orthographic":false}