{"cameraMode":{"drawMode":2,"name":"Shaded Wireframe","section":"Shading Mode"},"sceneLighting":false,"audioPlay":false,"sceneViewState":{"showFog":false,"showMaterialUpdate":false,"showSkybox":false,"showFlares":false,"showImageEffects":false,"showParticleSystems":false},"in2DMode":false,"pivot":{"x":1.986358642578125,"y":1.7015857696533204,"z":1.8486852645874024},"rotation":{"x":-0.3034190833568573,"y":-0.35349127650260928,"z":0.12238800525665283,"w":-0.8763589859008789},"size":11.265087127685547,"orthographic":false}