{"cameraMode":{"drawMode":2,"name":"Shaded Wireframe","section":"Shading Mode"},"sceneLighting":false,"audioPlay":false,"sceneViewState":{"showFog":false,"showMaterialUpdate":false,"showSkybox":false,"showFlares":false,"showImageEffects":false,"showParticleSystems":false},"in2DMode":false,"pivot":{"x":4.770926475524902,"y":3.785308837890625,"z":-3.641197681427002},"rotation":{"x":-0.28903141617774966,"y":0.36424803733825686,"z":-0.12002506107091904,"w":-0.8771432638168335},"size":7.437334060668945,"orthographic":false}