{"cameraMode":{"drawMode":2,"name":"Shaded Wireframe","section":"Shading Mode"},"sceneLighting":false,"audioPlay":false,"sceneViewState":{"showFog":false,"showMaterialUpdate":false,"showSkybox":false,"showFlares":false,"showImageEffects":false,"showParticleSystems":false},"in2DMode":false,"pivot":{"x":19.34260368347168,"y":-20.402931213378908,"z":20.174619674682618},"rotation":{"x":-0.3034190833568573,"y":-0.35349127650260928,"z":0.12238800525665283,"w":-0.8763589859008789},"size":24.263343811035158,"orthographic":false}