{"cameraMode":{"drawMode":2,"name":"Shaded Wireframe","section":"Shading Mode"},"sceneLighting":false,"audioPlay":false,"sceneViewState":{"showFog":false,"showMaterialUpdate":false,"showSkybox":false,"showFlares":false,"showImageEffects":false,"showParticleSystems":false},"in2DMode":false,"pivot":{"x":-10.142855644226075,"y":-25.491954803466798,"z":44.456504821777347},"rotation":{"x":-0.35810405015945437,"y":0.14259567856788636,"z":-0.055440522730350497,"w":-0.9210615754127502},"size":49.94585418701172,"orthographic":false}